{
  "beehemothTriggersWrath": false,
  "allowWrathOfTheHiveOutsideBumblezone": false,
  "showWrathOfTheHiveParticles": true,
  "aggressiveBees": true,
  "aggressionTriggerRadius": 64,
  "howLongWrathOfTheHiveLasts": 1680,
  "howLongProtectionOfTheHiveLasts": 1680,
  "speedBoostLevel": 2,
  "absorptionBoostLevel": 1,
  "strengthBoostLevel": 1,
  "dispensersDropGlassBottles": false,
  "broodBlocksBeeSpawnCapacity": 80,
  "superCandlesBurnsMobs": true,
  "crystallineFlowerConsumeItemEntities": true,
  "crystallineFlowerConsumeExperienceOrbEntities": true,
  "crystallineFlowerConsumeExperienceUI": true,
  "crystallineFlowerConsumeItemUI": true,
  "crystallineFlowerEnchantingPowerAllowedPerTier": 8,
  "crystallineFlowerExtraTierCost": 0,
  "crystallineFlowerExtraXpNeededForTiers": 0,
  "fogBrightnessPercentage": 110.0,
  "fogThickness": 4.0,
  "enableDimensionFog": true,
  "onlyOverworldHivesTeleports": false,
  "forceExitToOverworld": false,
  "warnPlayersOfWrongBlockUnderHive": true,
  "enableExitTeleportation": true,
  "enableEntranceTeleportation": true,
  "forceBumblezoneOriginMobToOverworldCenter": true,
  "defaultDimension": "minecraft:overworld",
  "beeDungeonRarity": 1,
  "spiderInfestedBeeDungeonRarity": 8,
  "spawnerRateSpiderBeeDungeon": 0.2,
  "beehemothSpeed": 0.95,
  "beeQueenSuperTradeRewardMultiplier": 3,
  "beeQueenSuperTradeDurationInTicks": 24000,
  "beeQueenSuperTradeAmountTillSatified": 24,
  "specialBeeSpawning": true,
  "nearbyBeesPerPlayerInBz": 25,
  "keepEssenceOfTheBeesOnRespawning": true,
  "musicDiscTimeLengthFlightOfTheBumblebee": 84,
  "musicDiscTimeLengthHoneyBee": 216,
  "musicDiscTimeLengthLaBeeDaLoca": 176,
  "musicDiscTimeLengthBeeLaxingWithTheHomBees": 300,
  "allowFriendsAndFoesBeekeeperTradesCompat": true,
  "lgbtBeeRate": 0.013,
  "ukraineBeeRate": 0.004,
  "enableAltBeeSkinRenderer": true,
  "playWrathOfHiveEffectMusic": true,
  "renderBeeQueenSuperTradeItem": true
}